<?xml version="1.0" encoding="UTF-8"?>
<game>
	<frame width = "1056"  height = "670">
		<layer className="priv.hk.game.ui.LayerBackground" x ="0" y="0" w="0" h="0"/>
		<layer className="priv.hk.game.ui.LayerDatabase" x ="48" y="32" w="256" h="272"/>
		<layer className="priv.hk.game.ui.LayerDisk" x ="48" y="336" w="256" h="272"/>
		<layer className="priv.hk.game.ui.LayerGameAction" x ="352" y="32" w="320" h="576"/>
		<layer className="priv.hk.game.ui.LayerButton" x ="720" y="32" w="288" h="96"/>
		<layer className="priv.hk.game.ui.LayerNext" x ="720" y="160" w="164" h="128"/>
		<layer className="priv.hk.game.ui.LayerLevel" x ="896" y="160" w="112" h="128"/>
		<layer className="priv.hk.game.ui.LayerPoints" x ="720" y="320" w="288" h="160"/>
		<layer className="priv.hk.game.ui.LayerAuthor" x ="720" y="512" w="288" h="96"/>
	</frame>
	
	<system>
	
	</system>
	
	<data>
	
	</data>
</game>